epoch,time,train/loss,metrics/accuracy_top1,metrics/accuracy_top5,val/loss,lr/pg0,lr/pg1,lr/pg2
1,34.1139,3.5692,0.01613,0.17742,3.46102,8.73889e-05,8.73889e-05,8.73889e-05
2,42.201,3.38506,0.20968,0.54839,3.12411,0.000182119,0.000182119,0.000182119
3,56.6717,3.16972,0.62903,0.8871,2.86132,0.00027622,0.00027622,0.00027622
4,70.6808,2.90461,0.80645,0.95161,2.51509,0.000283169,0.000283169,0.000283169
5,84.3525,2.62643,0.87097,0.98387,2.09371,0.000282225,0.000282225,0.000282225
6,97.7709,2.28682,0.95161,1,1.6321,0.000281281,0.000281281,0.000281281
7,111.024,2.03586,0.96774,1,1.21774,0.000280337,0.000280337,0.000280337
8,123.942,1.64967,0.98387,1,0.90162,0.000279393,0.000279393,0.000279393
9,137.111,1.3462,1,1,0.63303,0.00027845,0.00027845,0.00027845
10,150.073,1.12402,1,1,0.41316,0.000277506,0.000277506,0.000277506
11,163.769,0.77549,1,1,0.25168,0.000276562,0.000276562,0.000276562
12,177.108,0.70806,1,1,0.14508,0.000275618,0.000275618,0.000275618
13,190.695,0.52281,1,1,0.08595,0.000274674,0.000274674,0.000274674
14,204.257,0.33726,1,1,0.05694,0.000273731,0.000273731,0.000273731
15,218.002,0.35847,1,1,0.03666,0.000272787,0.000272787,0.000272787
16,231.621,0.23532,1,1,0.02733,0.000271843,0.000271843,0.000271843
17,245.401,0.25709,1,1,0.02093,0.000270899,0.000270899,0.000270899
18,258.772,0.23032,1,1,0.01587,0.000269955,0.000269955,0.000269955
19,272.171,0.2288,1,1,0.01283,0.000269012,0.000269012,0.000269012
20,285.933,0.15062,1,1,0.01015,0.000268068,0.000268068,0.000268068
21,299.766,0.1856,1,1,0.00902,0.000267124,0.000267124,0.000267124
22,312.659,0.10872,1,1,0.00796,0.00026618,0.00026618,0.00026618
23,325.375,0.16363,1,1,0.00762,0.000265236,0.000265236,0.000265236
24,338.16,0.10288,1,1,0.00742,0.000264293,0.000264293,0.000264293
25,351.577,0.10369,1,1,0.00656,0.000263349,0.000263349,0.000263349
26,365.703,0.09201,1,1,0.00652,0.000262405,0.000262405,0.000262405
27,379.353,0.13595,1,1,0.00645,0.000261461,0.000261461,0.000261461
28,392.517,0.08706,1,1,0.00607,0.000260517,0.000260517,0.000260517
29,406.206,0.11684,1,1,0.00526,0.000259574,0.000259574,0.000259574
30,419.555,0.08294,1,1,0.00476,0.00025863,0.00025863,0.00025863
31,433.066,0.11484,1,1,0.00362,0.000257686,0.000257686,0.000257686
32,446.182,0.07019,1,1,0.0032,0.000256742,0.000256742,0.000256742
33,459.667,0.10702,1,1,0.00328,0.000255798,0.000255798,0.000255798
34,472.999,0.08547,1,1,0.00341,0.000254855,0.000254855,0.000254855
35,486.591,0.08289,1,1,0.00268,0.000253911,0.000253911,0.000253911
36,500.079,0.08097,1,1,0.00286,0.000252967,0.000252967,0.000252967
37,513.812,0.12056,1,1,0.00334,0.000252023,0.000252023,0.000252023
38,527.578,0.09689,1,1,0.00267,0.000251079,0.000251079,0.000251079
39,541.471,0.06164,1,1,0.00293,0.000250136,0.000250136,0.000250136
40,555.367,0.06262,1,1,0.003,0.000249192,0.000249192,0.000249192
41,568.867,0.11028,1,1,0.00293,0.000248248,0.000248248,0.000248248
42,582.079,0.07108,1,1,0.00274,0.000247304,0.000247304,0.000247304
43,595.183,0.03798,1,1,0.00264,0.00024636,0.00024636,0.00024636
44,608.027,0.08162,1,1,0.00301,0.000245417,0.000245417,0.000245417
45,621.052,0.0374,1,1,0.00346,0.000244473,0.000244473,0.000244473
46,633.738,0.07517,1,1,0.00319,0.000243529,0.000243529,0.000243529
47,646.569,0.07634,1,1,0.00264,0.000242585,0.000242585,0.000242585
48,659.638,0.0565,1,1,0.00195,0.000241641,0.000241641,0.000241641
49,672.525,0.07777,1,1,0.00194,0.000240698,0.000240698,0.000240698
50,685.541,0.04202,1,1,0.00181,0.000239754,0.000239754,0.000239754
51,698.407,0.07787,1,1,0.00209,0.00023881,0.00023881,0.00023881
52,711.256,0.04736,1,1,0.00168,0.000237866,0.000237866,0.000237866
53,724.173,0.0229,1,1,0.00202,0.000236922,0.000236922,0.000236922
54,737.123,0.02594,1,1,0.0017,0.000235979,0.000235979,0.000235979
55,749.481,0.06438,1,1,0.00169,0.000235035,0.000235035,0.000235035
56,761.702,0.04196,1,1,0.00172,0.000234091,0.000234091,0.000234091
57,774.509,0.03209,1,1,0.00147,0.000233147,0.000233147,0.000233147
58,787.372,0.05843,1,1,0.00162,0.000232203,0.000232203,0.000232203
59,800.332,0.04478,1,1,0.0015,0.00023126,0.00023126,0.00023126
60,813.023,0.05919,1,1,0.00132,0.000230316,0.000230316,0.000230316
61,826.069,0.10226,1,1,0.0012,0.000229372,0.000229372,0.000229372
62,838.945,0.02528,1,1,0.0012,0.000228428,0.000228428,0.000228428
63,851.953,0.04359,1,1,0.00129,0.000227484,0.000227484,0.000227484
64,864.868,0.05274,1,1,0.00144,0.000226541,0.000226541,0.000226541
65,877.691,0.05944,1,1,0.00198,0.000225597,0.000225597,0.000225597
66,890.667,0.03448,1,1,0.00184,0.000224653,0.000224653,0.000224653
67,903.381,0.06662,1,1,0.0019,0.000223709,0.000223709,0.000223709
68,916.21,0.05755,1,1,0.00152,0.000222765,0.000222765,0.000222765
69,928.928,0.02972,1,1,0.00108,0.000221822,0.000221822,0.000221822
70,941.611,0.01783,1,1,0.00088,0.000220878,0.000220878,0.000220878
71,954.598,0.0742,1,1,0.00088,0.000219934,0.000219934,0.000219934
72,967.702,0.01725,1,1,0.00086,0.00021899,0.00021899,0.00021899
73,980.561,0.0466,1,1,0.00105,0.000218046,0.000218046,0.000218046
74,993.369,0.03126,1,1,0.00111,0.000217103,0.000217103,0.000217103
75,1005.93,0.02692,1,1,0.00105,0.000216159,0.000216159,0.000216159
76,1018.2,0.11038,1,1,0.00116,0.000215215,0.000215215,0.000215215
77,1030.55,0.05326,1,1,0.00107,0.000214271,0.000214271,0.000214271
78,1043.17,0.02022,1,1,0.00097,0.000213327,0.000213327,0.000213327
79,1055.92,0.03126,1,1,0.00103,0.000212384,0.000212384,0.000212384
80,1068.61,0.06265,1,1,0.00106,0.00021144,0.00021144,0.00021144
81,1081.31,0.01139,1,1,0.001,0.000210496,0.000210496,0.000210496
82,1094.11,0.03489,1,1,0.00108,0.000209552,0.000209552,0.000209552
83,1106.87,0.01781,1,1,0.00113,0.000208608,0.000208608,0.000208608
84,1119.57,0.03145,1,1,0.00117,0.000207665,0.000207665,0.000207665
85,1132.12,0.06478,1,1,0.00106,0.000206721,0.000206721,0.000206721
86,1144.9,0.02,1,1,0.00122,0.000205777,0.000205777,0.000205777
87,1157.43,0.02818,1,1,0.00103,0.000204833,0.000204833,0.000204833
88,1170.21,0.06522,1,1,0.001,0.000203889,0.000203889,0.000203889
89,1183.04,0.02134,1,1,0.00121,0.000202946,0.000202946,0.000202946
90,1195.88,0.02033,1,1,0.0011,0.000202002,0.000202002,0.000202002
91,1208.6,0.02973,1,1,0.00107,0.000201058,0.000201058,0.000201058
92,1221.36,0.03665,1,1,0.00098,0.000200114,0.000200114,0.000200114
93,1233.57,0.07152,1,1,0.0012,0.00019917,0.00019917,0.00019917
94,1245.52,0.04372,1,1,0.00109,0.000198227,0.000198227,0.000198227
95,1258.11,0.10446,1,1,0.0009,0.000197283,0.000197283,0.000197283
96,1271.53,0.00638,1,1,0.00083,0.000196339,0.000196339,0.000196339
97,1284.81,0.08075,1,1,0.00086,0.000195395,0.000195395,0.000195395
98,1297.97,0.03048,1,1,0.00095,0.000194451,0.000194451,0.000194451
99,1311.29,0.02352,1,1,0.001,0.000193508,0.000193508,0.000193508
100,1324.51,0.02284,1,1,0.00113,0.000192564,0.000192564,0.000192564
101,1337.68,0.03677,1,1,0.00109,0.00019162,0.00019162,0.00019162
102,1350.66,0.02634,1,1,0.00101,0.000190676,0.000190676,0.000190676
103,1363.59,0.03883,1,1,0.00096,0.000189732,0.000189732,0.000189732
104,1376.43,0.03991,1,1,0.00091,0.000188789,0.000188789,0.000188789
105,1389.23,0.03001,1,1,0.00096,0.000187845,0.000187845,0.000187845
106,1401.87,0.02746,1,1,0.00073,0.000186901,0.000186901,0.000186901
107,1414.59,0.04981,1,1,0.00089,0.000185957,0.000185957,0.000185957
108,1427.07,0.01703,1,1,0.00091,0.000185013,0.000185013,0.000185013
109,1439.72,0.06275,1,1,0.00083,0.00018407,0.00018407,0.00018407
